Workbook

Sheet Risk Register
A1: Meridian Manufacturing (simulated) — Cybersecurity & IT Risk Register
A2: Rolled up from every case in the IT & Cybersecurity portfolio track. Scores are live formulas — edit likelihood, impact, or residual values below and the numbers recalculate.
A4: Risk ID | B4: Title | C4: Category | D4: CSF Function | E4: Source Case | F4: Inh. Likelihood | G4: Inh. Impact | H4: Inherent Score | I4: Res. Likelihood | J4: Res. Impact | K4: Residual Score | L4: Risk Reduction % | M4: Status | N4: Owner | O4: Target Date | P4: Notes
A5: R01 | B5: Log4Shell RCE on the ERP/WMS integration server | C5: Vulnerability | D5: Protect | E5: Vulnerability Assessment (Cyber Case 02) | F5: 4 | G5: 5 | H5: =F5*G5 | I5: 1 | J5: 5 | K5: =I5*J5 | L5: =IF(H5=0,0,ROUND((H5-K5)/H5*100,1)) | M5: Closed | N5: Infrastructure | O5: 2026-01-15 | P5: Patched per refined remediation priority; server also hardened (Cyber Case 03)
A6: R02 | B6: Citrix VPN gateway RCE (refined priority #1 finding) | C6: Vulnerability | D6: Protect | E6: Vulnerability Assessment (Cyber Case 02) | F6: 4 | G6: 5 | H6: =F6*G6 | I6: 1 | J6: 5 | K6: =I6*J6 | L6: =IF(H6=0,0,ROUND((H6-K6)/H6*100,1)) | M6: Closed | N6: Infrastructure | O6: 2026-01-15 | P6: Patched first under the composite-score refined ranking, ahead of naive CVSS-only order
A7: R03 | B7: Legacy TLS 1.0/1.1 still enabled on the EDI integration API | C7: Configuration | D7: Protect | E7: Security Hardening (Cyber Case 03) | F7: 3 | G7: 3 | H7: =F7*G7 | I7: 2 | J7: 3 | K7: =I7*J7 | L7: =IF(H7=0,0,ROUND((H7-K7)/H7*100,1)) | M7: Risk Accepted | N7: Infrastructure | O7: 2026-Q2 | P7: One trading partner's client can't yet negotiate TLS 1.2+; migration scheduled, disclosed and time-boxed
A8: R04 | B8: Vendor support account still active & privileged 8 months post-engagement | C8: Access Control | D8: Identify | E8: Incident Response Tabletop (Cyber Case 04) | F8: 3 | G8: 4 | H8: =F8*G8 | I8: 3 | J8: 4 | K8: =I8*J8 | L8: =IF(H8=0,0,ROUND((H8-K8)/H8*100,1)) | M8: Open | N8: IT Security | O8: 2026-10-01 | P8: Was the actual lateral-movement path used in the tabletop scenario; no compensating control yet
A9: R05 | B9: No ransomware-specific incident response runbook | C9: Response Readiness | D9: Respond | E9: Incident Response Tabletop (Cyber Case 04) | F9: 3 | G9: 4 | H9: =F9*G9 | I9: 3 | J9: 4 | K9: =I9*J9 | L9: =IF(H9=0,0,ROUND((H9-K9)/H9*100,1)) | M9: Open | N9: IT Security | O9: 2026-09-30 | P9: Team improvised containment steps in the tabletop; adapt the VPN outage runbook format
A10: R06 | B10: Phishing reports take ~2 days to reach security (26h detection gap) | C10: Detection Gap | D10: Detect | E10: Incident Response Tabletop (Cyber Case 04) | F10: 4 | G10: 4 | H10: =F10*G10 | I10: 4 | J10: 4 | K10: =I10*J10 | L10: =IF(H10=0,0,ROUND((H10-K10)/H10*100,1)) | M10: Open | N10: IT Security | O10: 2026-10-15 | P10: Single highest-priority recommendation from the tabletop after-action report
A11: R07 | B11: Account-takeover detection rule not yet deployed | C11: Detection Gap | D11: Detect | E11: Log Analysis / Intrusion Detection (prior case) | F11: 3 | G11: 4 | H11: =F11*G11 | I11: 3 | J11: 3 | K11: =I11*J11 | L11: =IF(H11=0,0,ROUND((H11-K11)/H11*100,1)) | M11: In Progress | N11: SOC | O11: 2026-11-01 | P11: Would likely have caught the tabletop's user0147 compromise at hour 0-1 instead of hour 26
A12: R08 | B12: No recurring access review for third-party / vendor accounts | C12: Governance | D12: Govern | E12: Incident Response Tabletop (Cyber Case 04) | F12: 3 | G12: 3 | H12: =F12*G12 | I12: 3 | J12: 3 | K12: =I12*J12 | L12: =IF(H12=0,0,ROUND((H12-K12)/H12*100,1)) | M12: Open | N12: IT Security | O12: 2026-10-01 | P12: Standing process gap, independent of any single incident
A13: R09 | B13: SSH accepted password auth & legacy ciphers (pre-hardening baseline) | C13: Configuration | D13: Protect | E13: Security Hardening (Cyber Case 03) | F13: 3 | G13: 3 | H13: =F13*G13 | I13: 1 | J13: 3 | K13: =I13*J13 | L13: =IF(H13=0,0,ROUND((H13-K13)/H13*100,1)) | M13: Closed | N13: Infrastructure | O13: 2026-01-20 | P13: Access & SSH category went from 0/6 to 6/6 controls passing
A14: R10 | B14: World-writable files & empty-password accounts (pre-hardening baseline) | C14: Configuration | D14: Protect | E14: Security Hardening (Cyber Case 03) | F14: 3 | G14: 3 | H14: =F14*G14 | I14: 1 | J14: 2 | K14: =I14*J14 | L14: =IF(H14=0,0,ROUND((H14-K14)/H14*100,1)) | M14: Closed | N14: Infrastructure | O14: 2026-01-20 | P14: Filesystem & Access categories both reached 100% post-remediation
A15: R11 | B15: Backup recovery point objective is a 4-hour window, unvalidated beyond one incident | C15: Recovery | D15: Recover | E15: Incident Response Tabletop (Cyber Case 04) | F15: 2 | G15: 3 | H15: =F15*G15 | I15: 2 | J15: 2 | K15: =I15*J15 | L15: =IF(H15=0,0,ROUND((H15-K15)/H15*100,1)) | M15: Monitoring | N15: IT Infrastructure | O15: 2026-Q1 review | P15: Restore worked cleanly in the tabletop; RPO tightening is a future efficiency question, not a current gap
A16: R12 | B16: 181 lower-severity scan findings outside the 8-hour remediation window | C16: Vulnerability | D16: Protect | E16: Vulnerability Assessment (Cyber Case 02) | F16: 3 | G16: 2 | H16: =F16*G16 | I16: 3 | J16: 2 | K16: =I16*J16 | L16: =IF(H16=0,0,ROUND((H16-K16)/H16*100,1)) | M16: Open | N16: Infrastructure | O16: 2026-Q4 backlog | P16: Refined plan closed 29.0% of composite risk in the first 8 hours; the remainder is tracked backlog, not ignored
... A19: R15 | B19: KB self-service articles still building toward target adoption | C19: Response Readiness | D19: Respond | E19: Knowledge Base & Runbook Set (IT Case 04) | F19: 2 | G19: 2 | H19: =F19*G19 | I19: 2 | J19: 1 | K19: =I19*J19 | L19: =IF(H19=0,0,ROUND((H19-K19)/H19*100,1)) | M19: Monitoring | N19: IT Support | O19: 2026-Q2 review | P19: 25% adoption assumption modeled in that case; higher adoption further reduces technician load

Sheet GRC Summary
A1: GRC Summary — live rollup of the Risk Register sheet
A2: Every value below is a formula referencing 'Risk Register' — no hand-typed totals.
A4: Total risks tracked | B4: =COUNTA('Risk Register'!A5:A19)
A5: Total inherent risk score | B5: =SUM('Risk Register'!H5:H19)
A6: Total residual risk score | B6: =SUM('Risk Register'!K5:K19)
A7: Overall risk reduction % | B7: =ROUND((B5-B6)/B5*100,1)
A9: Status breakdown
A10: Closed | B10: =COUNTIF('Risk Register'!M5:M19,"Closed")
A11: Open | B11: =COUNTIF('Risk Register'!M5:M19,"Open")
A12: In Progress | B12: =COUNTIF('Risk Register'!M5:M19,"In Progress")
A13: Risk Accepted | B13: =COUNTIF('Risk Register'!M5:M19,"Risk Accepted")
A14: Monitoring | B14: =COUNTIF('Risk Register'!M5:M19,"Monitoring")
A16: Residual risk by CSF function
A17: Govern | B17: =SUMIF('Risk Register'!D5:D19,"Govern",'Risk Register'!K5:K19)
A18: Identify | B18: =SUMIF('Risk Register'!D5:D19,"Identify",'Risk Register'!K5:K19)
A19: Protect | B19: =SUMIF('Risk Register'!D5:D19,"Protect",'Risk Register'!K5:K19)
A20: Detect | B20: =SUMIF('Risk Register'!D5:D19,"Detect",'Risk Register'!K5:K19)
A21: Respond | B21: =SUMIF('Risk Register'!D5:D19,"Respond",'Risk Register'!K5:K19)
A22: Recover | B22: =SUMIF('Risk Register'!D5:D19,"Recover",'Risk Register'!K5:K19)
